{
  "med_f": 5.658914728682171,
  "med_s": 38.431652356280594
}